Species,T,d18Osw_VSMOW,d18Oc,Ref,Type
Hoeglundina elegans,20.1,0.90,1.16,Grossman & Ku (1986),benthic
Hoeglundina elegans,18.5,0.90,0.94,Grossman & Ku (1986),benthic
Hoeglundina elegans,18.5,0.90,0.66,Grossman & Ku (1986),benthic
Hoeglundina elegans,16.9,0.90,1.18,Grossman & Ku (1986),benthic
Uvigerina flintii,16.9,0.90,1.02,Grossman & Ku (1986),benthic
Hoeglundina elegans,15.3,0.80,2.02,Grossman & Ku (1986),benthic
Hoeglundina elegans,15.3,0.80,1.92,Grossman & Ku (1986),benthic
Hoeglundina elegans,15.3,0.80,2.01,Grossman & Ku (1986),benthic
Uvigerina flintii,15.3,0.80,1.12,Grossman & Ku (1986),benthic
Uvigerina flintii,15.3,0.80,0.97,Grossman & Ku (1986),benthic
Hoeglundina elegans,15.0,0.50,2.18,Grossman & Ku (1986),benthic
Hoeglundina elegans,13.0,0.50,1.19,Grossman & Ku (1986),benthic
Hoeglundina elegans,13.0,0.50,1.55,Grossman & Ku (1986),benthic
Uvigerina flintii,13.0,0.50,1.43,Grossman & Ku (1986),benthic
Hoeglundina elegans,12.0,0.30,2.12,Grossman & Ku (1986),benthic
Uvigerina peregrina,12.0,0.30,1.05,Grossman & Ku (1986),benthic
Hoeglundina elegans,10.5,-0.30,2.10,Grossman & Ku (1986),benthic
Hoeglundina elegans,9.5,-0.30,2.37,Grossman & Ku (1986),benthic
Hoeglundina elegans,9.5,-0.30,2.40,Grossman & Ku (1986),benthic
Hoeglundina elegans,9.5,-0.30,2.34,Grossman & Ku (1986),benthic
Hoeglundina elegans,9.1,-0.30,2.47,Grossman & Ku (1986),benthic
Hoeglundina elegans,8.8,-0.30,2.69,Grossman & Ku (1986),benthic
Hoeglundina elegans,8.7,-0.30,2.35,Grossman & Ku (1986),benthic
Hoeglundina elegans,8.7,-0.30,2.35,Grossman & Ku (1986),benthic
Hoeglundina elegans,8.4,-0.20,2.69,Grossman & Ku (1986),benthic
Hoeglundina elegans,8.4,-0.20,2.65,Grossman & Ku (1986),benthic
Hoeglundina elegans,8.4,0.10,2.65,Grossman & Ku (1986),benthic
Uvigerina peregrina,8.4,0.10,2.30,Grossman & Ku (1986),benthic
Hoeglundina elegans,7.8,-0.30,2.40,Grossman & Ku (1986),benthic
Hoeglundina elegans,7.8,-0.30,2.64,Grossman & Ku (1986),benthic
Uvigerina curticosta,6.8,-0.3,2.30,Grossman & Ku (1986),benthic
Uvigerina curticosta,6.8,-0.3,2.40,Grossman & Ku (1986),benthic
Uvigerina curticosta,6.4,-0.3,2.47,Grossman & Ku (1986),benthic
Hoeglundina elegans,6.1,0.0,3.26,Grossman & Ku (1986),benthic
Hoeglundina elegans,6.1,0.0,2.89,Grossman & Ku (1986),benthic
Uvigerina peregrina,6.1,0.0,2.40,Grossman & Ku (1986),benthic
Uvigerina peregrina,6.1,0.0,2.75,Grossman & Ku (1986),benthic
Hoeglundina elegans,5.5,0.0,3.47,Grossman & Ku (1986),benthic
Hoeglundina elegans,5.5,0.0,3.45,Grossman & Ku (1986),benthic
Hoeglundina elegans,5.5,0.0,3.39,Grossman & Ku (1986),benthic
Uvigerina peregrina,5.5,0.0,2.90,Grossman & Ku (1986),benthic
Hoeglundina elegans,4.5,0.1,3.79,Grossman & Ku (1986),benthic
Hoeglundina elegans,4.5,0.1,3.67,Grossman & Ku (1986),benthic
Hoeglundina elegans,4.5,0.1,3.75,Grossman & Ku (1986),benthic
Hoeglundina elegans,4.3,-0.2,3.60,Grossman & Ku (1986),benthic
Hoeglundina elegans,4.3,-0.2,3.54,Grossman & Ku (1986),benthic
Hoeglundina elegans,4.3,-0.2,3.92,Grossman & Ku (1986),benthic
Hoeglundina elegans,4.3,-0.2,3.53,Grossman & Ku (1986),benthic
Uvigerina curticosta,4.3,-0.2,2.97,Grossman & Ku (1986),benthic
Uvigerina curticosta,4.3,-0.2,2.86,Grossman & Ku (1986),benthic
Hoeglundina elegans,4.1,0.1,3.60,Grossman & Ku (1986),benthic
Hoeglundina elegans,4.0,-0.2,3.63,Grossman & Ku (1986),benthic
Hoeglundina elegans,4.0,-0.2,3.39,Grossman & Ku (1986),benthic
Hoeglundina elegans,4.0,-0.2,3.63,Grossman & Ku (1986),benthic
Hoeglundina elegans,4.0,-0.2,3.52,Grossman & Ku (1986),benthic
Hoeglundina elegans,3.9,-0.2,4.12,Grossman & Ku (1986),benthic
Hoeglundina elegans,3.9,-0.2,3.59,Grossman & Ku (1986),benthic
Hoeglundina elegans,3.9,-0.2,3.65,Grossman & Ku (1986),benthic
Hoeglundina elegans,3.9,-0.2,3.75,Grossman & Ku (1986),benthic
Uvigerina curticosta,3.9,-0.2,3.02,Grossman & Ku (1986),benthic
Uvigerina curticosta,3.9,-0.2,2.96,Grossman & Ku (1986),benthic
Uvigerina curticosta,3.9,-0.2,2.87,Grossman & Ku (1986),benthic
Uvigerina peregrina,3.9,-0.2,2.97,Grossman & Ku (1986),benthic
Hoeglundina elegans,3.9,-0.2,3.38,Grossman & Ku (1986),benthic
Hoeglundina elegans,3.9,-0.2,3.23,Grossman & Ku (1986),benthic
Hoeglundina elegans,3.9,-0.2,3.62,Grossman & Ku (1986),benthic
Hoeglundina elegans,3.9,-0.2,3.60,Grossman & Ku (1986),benthic
Hoeglundina elegans,3.9,-0.2,3.49,Grossman & Ku (1986),benthic
Hoeglundina elegans,2.7,-0.3,3.85,Grossman & Ku (1986),benthic
Uvigerina peregrina,2.7,-0.3,3.24,Grossman & Ku (1986),benthic
Hoeglundina elegans,2.6,-0.3,3.93,Grossman & Ku (1986),benthic
Uvigerina peregrina,2.6,-0.3,3.01,Grossman & Ku (1986),benthic
Globigerinoides trilobus [fine],22.23,0.24,-1.59,Lončarić et al. (2006),planktic
Globigerinoides trilobus [coarse],22.23,0.24,-1.37,Lončarić et al. (2006),planktic
Globigerinoides ruber [fine],22.23,0.24,-1.65,Lončarić et al. (2006),planktic
Globigerinoides ruber [coarse],22.23,0.24,-1.63,Lončarić et al. (2006),planktic
Globigerinoides trilobus [fine],22.22,0.24,-1.60,Lončarić et al. (2006),planktic
Globigerinoides trilobus [coarse],22.22,0.24,-1.42,Lončarić et al. (2006),planktic
Globigerinoides ruber [fine],22.22,0.24,-1.64,Lončarić et al. (2006),planktic
Globigerinoides ruber [coarse],22.22,0.24,-1.56,Lončarić et al. (2006),planktic
Globigerinoides trilobus [fine],21.77,0.24,-1.33,Lončarić et al. (2006),planktic
Globigerinoides trilobus [coarse],21.77,0.24,-1.24,Lončarić et al. (2006),planktic
Globigerinoides ruber [fine],21.77,0.24,-1.50,Lončarić et al. (2006),planktic
Globigerinoides ruber [coarse],21.77,0.24,-1.52,Lončarić et al. (2006),planktic
Globigerinoides trilobus [fine],18.13,0.2,-0.96,Lončarić et al. (2006),planktic
Globigerinoides trilobus [coarse],18.13,0.2,-0.92,Lončarić et al. (2006),planktic
Globigerinoides ruber [fine],18.13,0.2,-1.32,Lončarić et al. (2006),planktic
Globigerinoides ruber [coarse],18.13,0.2,-1.39,Lončarić et al. (2006),planktic
Globorotalia truncatulinoides (s.) [fine],18.13,0.2,-0.53,Lončarić et al. (2006),planktic
Globigerinoides trilobus [fine],16.97,0.17,-1.39,Lončarić et al. (2006),planktic
Globigerinoides trilobus [coarse],16.97,0.17,-1.16,Lončarić et al. (2006),planktic
Globigerinoides ruber [fine],16.97,0.17,-1.08,Lončarić et al. (2006),planktic
Globigerinoides ruber [coarse],16.97,0.17,-1.43,Lončarić et al. (2006),planktic
Globigerinoides trilobus [fine],15.76,0.13,-1.25,Lončarić et al. (2006),planktic
Globigerinoides trilobus [coarse],15.76,0.13,-1.08,Lončarić et al. (2006),planktic
Globorotalia truncatulinoides (s.) [coarse],15.76,0.13,0.36,Lončarić et al. (2006),planktic
Globorotalia truncatulinoides (s.) [fine],13.21,-0.06,0.21,Lončarić et al. (2006),planktic
Globorotalia truncatulinoides (s.) [coarse],13.21,-0.06,0.25,Lončarić et al. (2006),planktic
Globigerinoides ruber [fine],18.7,0.33,-0.73,Lončarić et al. (2006),planktic
Globigerina glutinata,18.7,0.33,-0.43,Lončarić et al. (2006),planktic
Globigerinoides ruber [fine],18.71,0.33,-0.65,Lončarić et al. (2006),planktic
Globigerina glutinata,18.71,0.33,-0.38,Lončarić et al. (2006),planktic
Globorotalia inflata [fine],18.71,0.33,-0.36,Lončarić et al. (2006),planktic
Globorotalia inflata [coarse],18.71,0.33,-0.13,Lončarić et al. (2006),planktic
Globigerinoides ruber [fine],18.71,0.33,-0.59,Lončarić et al. (2006),planktic
Globigerina glutinata,18.71,0.33,-0.35,Lončarić et al. (2006),planktic
Globorotalia inflata [fine],18.71,0.33,-0.43,Lončarić et al. (2006),planktic
Globorotalia inflata [coarse],18.71,0.33,-0.17,Lončarić et al. (2006),planktic
Globorotalia truncatulinoides (s.) [fine],18.71,0.33,-0.52,Lončarić et al. (2006),planktic
Globorotalia truncatulinoides (s.) [coarse],18.71,0.33,-0.29,Lončarić et al. (2006),planktic
Globorotalia truncatulinoides (d.) [fine],18.71,0.33,-0.42,Lončarić et al. (2006),planktic
Globorotalia truncatulinoides (d.) [coarse],18.71,0.33,-0.12,Lončarić et al. (2006),planktic
Globigerinoides ruber [fine],18.67,0.32,-0.52,Lončarić et al. (2006),planktic
Globigerina glutinata,18.67,0.32,-0.43,Lončarić et al. (2006),planktic
Globorotalia inflata [fine],18.67,0.32,-0.46,Lončarić et al. (2006),planktic
Globorotalia inflata [coarse],18.67,0.32,-0.24,Lončarić et al. (2006),planktic
Globorotalia truncatulinoides (s.) [fine],18.67,0.32,-0.41,Lončarić et al. (2006),planktic
Globorotalia truncatulinoides (s.) [coarse],18.67,0.32,-0.22,Lončarić et al. (2006),planktic
Globorotalia truncatulinoides (d.) [fine],18.67,0.32,-0.50,Lončarić et al. (2006),planktic
Globorotalia truncatulinoides (d.) [coarse],18.67,0.32,-0.24,Lončarić et al. (2006),planktic
Globorotalia inflata [fine],17.45,0.22,-0.49,Lončarić et al. (2006),planktic
Globorotalia inflata [coarse],17.45,0.22,-0.11,Lončarić et al. (2006),planktic
Globorotalia truncatulinoides (s.) [fine],17.45,0.22,-0.34,Lončarić et al. (2006),planktic
Globorotalia truncatulinoides (s.) [coarse],17.45,0.22,-0.31,Lončarić et al. (2006),planktic
Globorotalia truncatulinoides (d.) [fine],17.45,0.22,-0.34,Lončarić et al. (2006),planktic
Globorotalia truncatulinoides (d.) [coarse],17.45,0.22,-0.10,Lončarić et al. (2006),planktic
Globorotalia inflata [fine],15.53,0.12,-0.19,Lončarić et al. (2006),planktic
Globorotalia inflata [coarse],15.53,0.12,0.06,Lončarić et al. (2006),planktic
Globorotalia truncatulinoides (s.) [fine],15.53,0.12,-0.50,Lončarić et al. (2006),planktic
Globorotalia truncatulinoides (s.) [coarse],15.53,0.12,0,Lončarić et al. (2006),planktic
Globorotalia truncatulinoides (d.) [fine],15.53,0.12,-0.47,Lončarić et al. (2006),planktic
Globorotalia truncatulinoides (d.) [coarse],15.53,0.12,-0.05,Lončarić et al. (2006),planktic
Globorotalia truncatulinoides (s.) [fine],13.34,-0.04,0.2,Lončarić et al. (2006),planktic
Globorotalia truncatulinoides (s.) [coarse],13.34,-0.04,0.14,Lončarić et al. (2006),planktic
Globorotalia truncatulinoides (d.) [fine],13.34,-0.04,-0.26,Lončarić et al. (2006),planktic
Globorotalia truncatulinoides (d.) [coarse],13.34,-0.04,-0.15,Lončarić et al. (2006),planktic
Globigerinoides trilobus [fine],22.73,0.4,-1.33,Lončarić et al. (2006),planktic
Globigerinoides trilobus [fine],22.7,0.4,-1.09,Lončarić et al. (2006),planktic
Globigerinoides trilobus [fine],18.4,0.25,-1.10,Lončarić et al. (2006),planktic
Globigerinoides ruber [fine],18.4,0.25,-1.08,Lončarić et al. (2006),planktic
Globorotalia inflata [fine],18.4,0.25,-0.01,Lončarić et al. (2006),planktic
Globorotalia truncatulinoides (s.) [fine],18.4,0.25,-0.31,Lončarić et al. (2006),planktic
Globigerinoides ruber [fine],17.53,0.24,-0.51,Lončarić et al. (2006),planktic
Globorotalia truncatulinoides (s.) [fine],17.53,0.24,0.03,Lončarić et al. (2006),planktic
Globigerinoides trilobus [fine],16.45,0.19,-1.22,Lončarić et al. (2006),planktic
Globorotalia inflata [fine],16.45,0.19,-0.36,Lončarić et al. (2006),planktic
Globorotalia truncatulinoides (s.) [fine],16.45,0.19,-0.08,Lončarić et al. (2006),planktic
Globorotalia truncatulinoides (s.) [coarse],16.45,0.19,0.37,Lončarić et al. (2006),planktic
Globigerinoides trilobus [fine],14.12,0.02,-1.21,Lončarić et al. (2006),planktic
Globorotalia inflata [fine],14.12,0.02,0.03,Lončarić et al. (2006),planktic
Globorotalia truncatulinoides (s.) [fine],14.12,0.02,0.22,Lončarić et al. (2006),planktic
Globorotalia truncatulinoides (s.) [coarse],14.12,0.02,0.28,Lončarić et al. (2006),planktic
Globorotalia truncatulinoides (s.) [fine],12.55,-0.08,0.09,Lončarić et al. (2006),planktic
Globorotalia truncatulinoides (s.) [coarse],12.55,-0.08,0.46,Lončarić et al. (2006),planktic
Cibicidoides pachyderma,8.5,0.31,1.68,Marchitto et al. (2014),benthic
Planulina ariminensis,8.5,0.31,1.68,Marchitto et al. (2014),benthic
Uvigerina peregrina,8.5,0.31,2.18,Marchitto et al. (2014),benthic
Hoeglundina elegans,8.5,0.31,2.71,Marchitto et al. (2014),benthic
Cibicidoides pachyderma,5.8,0.26,2.27,Marchitto et al. (2014),benthic
Uvigerina peregrina,5.8,0.26,2.49,Marchitto et al. (2014),benthic
Hoeglundina elegans,5.8,0.26,3.11,Marchitto et al. (2014),benthic
Cibicidoides pachyderma,9.7,0.39,1.65,Marchitto et al. (2014),benthic
Planulina ariminensis,9.7,0.39,1.41,Marchitto et al. (2014),benthic
Uvigerina peregrina,9.7,0.39,1.87,Marchitto et al. (2014),benthic
Hoeglundina elegans,9.7,0.39,2.63,Marchitto et al. (2014),benthic
Cibicidoides pachyderma,10.8,0.47,1.17,Marchitto et al. (2014),benthic
Cibicidoides pachyderma,12.7,0.62,1.11,Marchitto et al. (2014),benthic
Planulina foveolata,12.7,0.62,0.57,Marchitto et al. (2014),benthic
Hoeglundina elegans,12.7,0.62,2.03,Marchitto et al. (2014),benthic
Cibicidoides pachyderma,9.0,0.35,1.58,Marchitto et al. (2014),benthic
Uvigerina peregrina,9.0,0.35,2.03,Marchitto et al. (2014),benthic
Hoeglundina elegans,9.0,0.35,2.63,Marchitto et al. (2014),benthic
Uvigerina peregrina,7.8,0.28,2.24,Marchitto et al. (2014),benthic
Hoeglundina elegans,7.8,0.28,2.89,Marchitto et al. (2014),benthic
Cibicidoides pachyderma,6.3,0.26,2.05,Marchitto et al. (2014),benthic
Uvigerina peregrina,6.3,0.26,2.43,Marchitto et al. (2014),benthic
Hoeglundina elegans,6.3,0.26,3.14,Marchitto et al. (2014),benthic
Cibicidoides pachyderma,12.1,0.57,1.22,Marchitto et al. (2014),benthic
Planulina ariminensis,12.1,0.57,0.94,Marchitto et al. (2014),benthic
Hoeglundina elegans,12.1,0.57,2.12,Marchitto et al. (2014),benthic
Cibicidoides pachyderma,10.0,0.41,1.44,Marchitto et al. (2014),benthic
Planulina ariminensis,10.0,0.41,1.49,Marchitto et al. (2014),benthic
Uvigerina peregrina,10.0,0.41,1.96,Marchitto et al. (2014),benthic
Hoeglundina elegans,10.0,0.41,2.39,Marchitto et al. (2014),benthic
Cibicidoides pachyderma,9.1,0.36,1.76,Marchitto et al. (2014),benthic
Planulina ariminensis,9.1,0.36,1.63,Marchitto et al. (2014),benthic
Uvigerina peregrina,9.1,0.36,1.91,Marchitto et al. (2014),benthic
Hoeglundina elegans,9.1,0.36,2.39,Marchitto et al. (2014),benthic
Cibicidoides pachyderma,7.0,0.26,1.73,Marchitto et al. (2014),benthic
Planulina ariminensis,7.0,0.26,1.70,Marchitto et al. (2014),benthic
Uvigerina peregrina,7.0,0.26,2.39,Marchitto et al. (2014),benthic
Hoeglundina elegans,7.0,0.26,2.94,Marchitto et al. (2014),benthic
Hoeglundina elegans,19.0,1.16,1.15,Marchitto et al. (2014),benthic
Cibicidoides pachyderma,16.6,0.96,0.41,Marchitto et al. (2014),benthic
Planulina foveolata,16.6,0.96,0.50,Marchitto et al. (2014),benthic
Hoeglundina elegans,16.6,0.96,1.53,Marchitto et al. (2014),benthic
Cibicidoides pachyderma,10.8,0.47,1.12,Marchitto et al. (2014),benthic
Planulina foveolata,10.8,0.47,1.14,Marchitto et al. (2014),benthic
Uvigerina peregrina,10.8,0.47,1.56,Marchitto et al. (2014),benthic
Hoeglundina elegans,10.8,0.47,2.05,Marchitto et al. (2014),benthic
Cibicidoides pachyderma,11.0,0.56,1.21,Marchitto et al. (2014),benthic
Planulina ariminensis,11.0,0.56,1.16,Marchitto et al. (2014),benthic
Planulina foveolata,11.0,0.56,1.14,Marchitto et al. (2014),benthic
Uvigerina peregrina,11.0,0.56,1.66,Marchitto et al. (2014),benthic
Cibicidoides pachyderma,12.1,0.57,0.98,Marchitto et al. (2014),benthic
Planulina foveolata,12.1,0.57,1.00,Marchitto et al. (2014),benthic
Uvigerina peregrina,12.1,0.57,1.38,Marchitto et al. (2014),benthic
Hoeglundina elegans,12.1,0.57,1.86,Marchitto et al. (2014),benthic
Cibicidoides pachyderma,17.8,1.08,0.37,Marchitto et al. (2014),benthic
Planulina foveolata,17.8,1.08,0.37,Marchitto et al. (2014),benthic
Uvigerina peregrina,15.7,0.89,1.09,Marchitto et al. (2014),benthic
Hoeglundina elegans,15.7,0.89,1.72,Marchitto et al. (2014),benthic
Cibicidoides pachyderma,18.5,1.17,0.18,Marchitto et al. (2014),benthic
Hoeglundina elegans,18.5,1.17,1.06,Marchitto et al. (2014),benthic
Cibicidoides pachyderma,18.6,1.13,0.06,Marchitto et al. (2014),benthic
Hoeglundina elegans,18.6,1.13,1.24,Marchitto et al. (2014),benthic
Cibicidoides pachyderma,8.5,0.34,1.84,Marchitto et al. (2014),benthic
Cibicidoides pachyderma,9.3,0.38,1.60,Marchitto et al. (2014),benthic
Planulina ariminensis,9.3,0.38,1.65,Marchitto et al. (2014),benthic
Uvigerina peregrina,9.3,0.38,1.81,Marchitto et al. (2014),benthic
Cibicidoides pachyderma,17.3,1.03,0.43,Marchitto et al. (2014),benthic
Planulina foveolata,17.3,1.03,0.32,Marchitto et al. (2014),benthic
Uvigerina peregrina,17.3,1.03,0.96,Marchitto et al. (2014),benthic
Hoeglundina elegans,17.3,1.03,1.35,Marchitto et al. (2014),benthic
Cibicidoides pachyderma,17.1,1.01,0.42,Marchitto et al. (2014),benthic
Hoeglundina elegans,17.1,1.01,1.37,Marchitto et al. (2014),benthic
Cibicidoides pachyderma,14.5,0.85,0.88,Marchitto et al. (2014),benthic
Planulina foveolata,14.5,0.85,0.80,Marchitto et al. (2014),benthic
Uvigerina peregrina,14.5,0.85,1.25,Marchitto et al. (2014),benthic
Hoeglundina elegans,14.5,0.85,2.00,Marchitto et al. (2014),benthic
Cibicidoides pachyderma,11.9,0.56,1.16,Marchitto et al. (2014),benthic
Uvigerina peregrina,11.9,0.56,1.52,Marchitto et al. (2014),benthic
Hoeglundina elegans,11.9,0.56,2.05,Marchitto et al. (2014),benthic
Cibicidoides pachyderma,10.6,0.46,1.12,Marchitto et al. (2014),benthic
Cibicidoides pachyderma,9.4,0.37,1.53,Marchitto et al. (2014),benthic
Planulina ariminensis,9.4,0.37,1.57,Marchitto et al. (2014),benthic
Cibicidoides pachyderma,17.2,1.02,0.66,Marchitto et al. (2014),benthic
Planulina foveolata,17.2,1.02,0.27,Marchitto et al. (2014),benthic
Uvigerina peregrina,17.2,1.02,1.08,Marchitto et al. (2014),benthic
Hoeglundina elegans,17.2,1.02,1.52,Marchitto et al. (2014),benthic
Cibicidoides pachyderma,16.8,0.98,0.74,Marchitto et al. (2014),benthic
Planulina foveolata,16.8,0.98,0.74,Marchitto et al. (2014),benthic
Uvigerina peregrina,16.8,0.98,1.16,Marchitto et al. (2014),benthic
Hoeglundina elegans,16.8,0.98,1.77,Marchitto et al. (2014),benthic
Cibicidoides wuellerstorfi,-0.30,0.32,3.76,Marchitto et al. (2014),benthic
Cibicidoides wuellerstorfi,-0.31,0.32,3.80,Marchitto et al. (2014),benthic
Cibicidoides wuellerstorfi,-0.31,0.32,3.90,Marchitto et al. (2014),benthic
Cibicidoides wuellerstorfi,-0.31,0.32,3.66,Marchitto et al. (2014),benthic
Cibicidoides wuellerstorfi,-0.31,0.32,3.72,Marchitto et al. (2014),benthic
Cibicidoides wuellerstorfi,-0.36,0.34,3.63,Marchitto et al. (2014),benthic
Cibicidoides wuellerstorfi,-0.23,0.31,3.85,Marchitto et al. (2014),benthic
Cibicidoides wuellerstorfi,-0.31,0.32,3.74,Marchitto et al. (2014),benthic
Cibicidoides wuellerstorfi,-0.31,0.32,3.66,Marchitto et al. (2014),benthic
Cibicidoides wuellerstorfi,-0.31,0.32,3.70,Marchitto et al. (2014),benthic
Cibicidoides wuellerstorfi,-0.31,0.32,3.92,Marchitto et al. (2014),benthic
Cibicidoides wuellerstorfi,-0.31,0.32,3.86,Marchitto et al. (2014),benthic
Cibicidoides wuellerstorfi,-0.31,0.32,3.68,Marchitto et al. (2014),benthic
Cibicidoides wuellerstorfi,-0.31,0.32,3.80,Marchitto et al. (2014),benthic
Cibicidoides wuellerstorfi,-0.31,0.32,3.69,Marchitto et al. (2014),benthic
Cibicidoides wuellerstorfi,-0.35,0.36,3.64,Marchitto et al. (2014),benthic
Cibicidoides wuellerstorfi,-0.43,0.34,3.71,Marchitto et al. (2014),benthic
Cibicidoides wuellerstorfi,-0.38,0.32,3.69,Marchitto et al. (2014),benthic
Cibicidoides wuellerstorfi,-0.41,0.34,3.83,Marchitto et al. (2014),benthic
Cibicidoides wuellerstorfi,-0.41,0.33,3.77,Marchitto et al. (2014),benthic
Cibicidoides wuellerstorfi,-0.41,0.34,3.73,Marchitto et al. (2014),benthic
Cibicidoides wuellerstorfi,-0.39,0.34,3.70,Marchitto et al. (2014),benthic
Cibicidoides wuellerstorfi,-0.39,0.36,3.74,Marchitto et al. (2014),benthic
Cibicidoides wuellerstorfi,-0.40,0.36,3.76,Marchitto et al. (2014),benthic
Cibicidoides wuellerstorfi,-0.43,0.36,3.73,Marchitto et al. (2014),benthic
Cibicidoides wuellerstorfi,-0.63,0.33,3.66,Marchitto et al. (2014),benthic
Cibicidoides wuellerstorfi,-0.64,0.33,3.76,Marchitto et al. (2014),benthic
Hoeglundina elegans,25.6,1.12,-0.71,Marchitto et al. (2014),benthic
Hoeglundina elegans,23.2,1.25,0.62,Marchitto et al. (2014),benthic
Hoeglundina elegans,21.8,1.25,0.76,Marchitto et al. (2014),benthic
Hoeglundina elegans,20.8,1.25,0.9,Marchitto et al. (2014),benthic
Hoeglundina elegans,20.5,1.24,1.02,Marchitto et al. (2014),benthic
Hoeglundina elegans,18.6,1.14,1.28,Marchitto et al. (2014),benthic
Hoeglundina elegans,18.6,1.14,1.39,Marchitto et al. (2014),benthic
Hoeglundina elegans,18.2,1.12,1.3,Marchitto et al. (2014),benthic
Hoeglundina elegans,17.9,1.09,1.30,Marchitto et al. (2014),benthic
Hoeglundina elegans,17.7,1.08,1.46,Marchitto et al. (2014),benthic
Hoeglundina elegans,17.7,1.07,1.36,Marchitto et al. (2014),benthic
Hoeglundina elegans,17.2,1.03,1.26,Marchitto et al. (2014),benthic
Hoeglundina elegans,17.1,1.02,1.41,Marchitto et al. (2014),benthic
Hoeglundina elegans,17.0,1.02,1.51,Marchitto et al. (2014),benthic
Hoeglundina elegans,16.9,1.01,1.51,Marchitto et al. (2014),benthic
Hoeglundina elegans,16.8,1.00,1.42,Marchitto et al. (2014),benthic
Hoeglundina elegans,16.3,0.95,1.49,Marchitto et al. (2014),benthic
Hoeglundina elegans,16.1,0.94,1.35,Marchitto et al. (2014),benthic
Hoeglundina elegans,15.9,0.92,1.60,Marchitto et al. (2014),benthic
Hoeglundina elegans,15.6,0.90,1.64,Marchitto et al. (2014),benthic
Hoeglundina elegans,12.7,0.65,1.92,Marchitto et al. (2014),benthic
Hoeglundina elegans,12.7,0.65,2.18,Marchitto et al. (2014),benthic
Hoeglundina elegans,11.7,0.57,2.53,Marchitto et al. (2014),benthic
Hoeglundina elegans,10.0,0.46,2.62,Marchitto et al. (2014),benthic
Hoeglundina elegans,9.8,0.45,2.51,Marchitto et al. (2014),benthic
Hoeglundina elegans,8.4,0.37,2.96,Marchitto et al. (2014),benthic
Hoeglundina elegans,8.1,0.36,2.82,Marchitto et al. (2014),benthic
Hoeglundina elegans,7.6,0.36,3.24,Marchitto et al. (2014),benthic
Hoeglundina elegans,7.6,0.36,3.09,Marchitto et al. (2014),benthic
Hoeglundina elegans,7.0,0.35,3.46,Marchitto et al. (2014),benthic
Hoeglundina elegans,6.1,0.33,3.38,Marchitto et al. (2014),benthic
Hoeglundina elegans,5.5,0.31,3.44,Marchitto et al. (2014),benthic
Hoeglundina elegans,5.3,0.31,3.46,Marchitto et al. (2014),benthic
Hoeglundina elegans,4.9,0.30,3.51,Marchitto et al. (2014),benthic
Hoeglundina elegans,4.8,0.30,3.52,Marchitto et al. (2014),benthic
Hoeglundina elegans,4.4,0.29,3.54,Marchitto et al. (2014),benthic
Hoeglundina elegans,4.3,0.28,3.63,Marchitto et al. (2014),benthic
Hoeglundina elegans,4.2,0.28,3.64,Marchitto et al. (2014),benthic
Hoeglundina elegans,4.1,0.28,3.78,Marchitto et al. (2014),benthic
Uvigerina,2.28,-0.19,2.95,Keigwin (1998),benthic
Uvigerina,2.31,-0.17,3.33,Keigwin (1998),benthic
Cibicidoides,2.31,-0.17,2.71,Keigwin (1998),benthic
Uvigerina,2.27,-0.13,3.25,Keigwin (1998),benthic
Uvigerina,2.13,-0.1,3.15,Keigwin (1998),benthic
Uvigerina,2.10,-0.09,3.16,Keigwin (1998),benthic
Uvigerina,2.08,-0.08,3.19,Keigwin (1998),benthic
Uvigerina,1.97,-0.07,3.21,Keigwin (1998),benthic
Uvigerina,1.74,-0.04,3.21,Keigwin (1998),benthic
Cibicidoides,1.74,-0.04,2.91,Keigwin (1998),benthic
Uvigerina,1.72,-0.04,3.25,Keigwin (1998),benthic
Cibicidoides,1.72,-0.04,3.04,Keigwin (1998),benthic
Uvigerina,1.50,-0.02,3.31,Keigwin (1998),benthic
Cibicidoides,1.50,-0.02,3.01,Keigwin (1998),benthic
Uvigerina,1.50,-0.02,3.13,Keigwin (1998),benthic
Cibicidoides,1.50,-0.02,2.83,Keigwin (1998),benthic
Uvigerina,1.50,-0.02,3.68,Keigwin (1998),benthic
Uvigerina,1.69,-0.03,3.26,Keigwin (1998),benthic
Cibicidoides,1.69,-0.03,3.07,Keigwin (1998),benthic
Uvigerina,1.66,-0.02,3.24,Keigwin (1998),benthic
Cibicidoides,1.66,-0.02,2.78,Keigwin (1998),benthic
Uvigerina,1.64,-0.02,3.22,Keigwin (1998),benthic
Cibicidoides,1.64,-0.02,2.91,Keigwin (1998),benthic
Uvigerina,1.62,-0.02,3.31,Keigwin (1998),benthic
Uvigerina,1.59,-0.02,3.36,Keigwin (1998),benthic
Cibicidoides,1.59,-0.02,2.94,Keigwin (1998),benthic
Uvigerina,1.57,-0.02,3.07,Keigwin (1998),benthic
Cibicidoides,1.57,-0.02,3.05,Keigwin (1998),benthic
Uvigerina,1.57,-0.04,3.26,Keigwin (1998),benthic
Cibicidoides,1.57,-0.04,3.02,Keigwin (1998),benthic
Uvigerina,1.56,-0.03,3.29,Keigwin (1998),benthic
Cibicidoides,1.56,-0.03,2.98,Keigwin (1998),benthic
Uvigerina,1.55,-0.03,3.27,Keigwin (1998),benthic
Cibicidoides,1.55,-0.03,3.00,Keigwin (1998),benthic
Uvigerina,1.53,-0.03,3.29,Keigwin (1998),benthic
Cibicidoides,1.53,-0.03,2.91,Keigwin (1998),benthic
Uvigerina,1.53,-0.03,3.32,Keigwin (1998),benthic
Cibicidoides,1.53,-0.03,2.92,Keigwin (1998),benthic
Uvigerina,1.53,-0.03,3.41,Keigwin (1998),benthic
Cibicidoides,1.53,-0.03,2.97,Keigwin (1998),benthic
Cibicidoides,1.52,-0.03,3.00,Keigwin (1998),benthic
Cibicidoides,1.51,-0.03,2.79,Keigwin (1998),benthic
Uvigerina,1.50,-0.03,3.46,Keigwin (1998),benthic
Cibicidoides,1.50,-0.03,2.80,Keigwin (1998),benthic
Uvigerina,1.50,-0.03,3.36,Keigwin (1998),benthic
Cibicidoides,1.50,-0.03,2.74,Keigwin (1998),benthic
Uvigerina,1.50,-0.02,3.36,Keigwin (1998),benthic
Cibicidoides,1.50,-0.02,2.69,Keigwin (1998),benthic
Globigerinoides sacculifer,27.4 ,0.94 ,-2.23 ,Mulitza et al. (2003),planktic
Globigerinoides sacculifer,27.0 ,0.94 ,-2.20 ,Mulitza et al. (2003),planktic
Globigerinoides sacculifer,27.4 ,0.94 ,-2.11 ,Mulitza et al. (2003),planktic
Globigerinoides sacculifer,27.3 ,0.94 ,-2.24 ,Mulitza et al. (2003),planktic
Globigerinoides sacculifer,27.4 ,0.94 ,-2.11 ,Mulitza et al. (2003),planktic
Globigerinoides sacculifer,27.3 ,0.88 ,-2.15 ,Mulitza et al. (2003),planktic
Globigerinoides sacculifer,27.2 ,0.84 ,-2.18 ,Mulitza et al. (2003),planktic
Globigerinoides sacculifer,27.2 ,0.85 ,-2.05 ,Mulitza et al. (2003),planktic
Globigerinoides sacculifer,27.1 ,0.86 ,-2.16 ,Mulitza et al. (2003),planktic
Globigerinoides sacculifer,26.9 ,0.85 ,-2.03 ,Mulitza et al. (2003),planktic
Globigerinoides sacculifer,26.9 ,0.82 ,-2.20 ,Mulitza et al. (2003),planktic
Globigerinoides sacculifer,27.0 ,0.92 ,-1.99 ,Mulitza et al. (2003),planktic
Globigerinoides sacculifer,26.9 ,0.88 ,-1.96 ,Mulitza et al. (2003),planktic
Globigerinoides sacculifer,27.1 ,1.16 ,-2.22 ,Mulitza et al. (2003),planktic
Globigerinoides sacculifer,27.1 ,0.90 ,-2.10 ,Mulitza et al. (2003),planktic
Globigerinoides sacculifer,26.6 ,0.90 ,-2.16 ,Mulitza et al. (2003),planktic
Globigerinoides sacculifer,26.5 ,0.97 ,-2.02 ,Mulitza et al. (2003),planktic
Globigerinoides sacculifer,25.8 ,1.07 ,-1.96 ,Mulitza et al. (2003),planktic
Globigerinoides sacculifer,25.2 ,1.08 ,-1.90 ,Mulitza et al. (2003),planktic
Globigerinoides sacculifer,24.6 ,1.13 ,-2.20 ,Mulitza et al. (2003),planktic
Globigerinoides sacculifer,18.2 ,0.63 ,-0.59 ,Mulitza et al. (2003),planktic
Globigerinoides sacculifer,22.5 ,0.89 ,-1.01 ,Mulitza et al. (2003),planktic
Globigerinoides sacculifer,22.6 ,0.48 ,-1.73 ,Mulitza et al. (2003),planktic
Globigerinoides sacculifer,23.0 ,0.48 ,-1.82 ,Mulitza et al. (2003),planktic
Globigerinoides sacculifer,24.2 ,0.60 ,-2.10 ,Mulitza et al. (2003),planktic
Globigerinoides sacculifer,24.2 ,0.60 ,-2.25 ,Mulitza et al. (2003),planktic
Globigerinoides sacculifer,25.6 ,0.33 ,-2.23 ,Mulitza et al. (2003),planktic
Globigerinoides sacculifer,25.6 ,0.33 ,-2.27 ,Mulitza et al. (2003),planktic
Globigerinoides sacculifer,26.6 ,0.33 ,-2.55 ,Mulitza et al. (2003),planktic
Globigerinoides sacculifer,26.6 ,0.33 ,-2.44 ,Mulitza et al. (2003),planktic
Globigerinoides sacculifer,26.6 ,0.33 ,-2.54 ,Mulitza et al. (2003),planktic
Globigerinoides sacculifer,27.0 ,0.29 ,-2.67 ,Mulitza et al. (2003),planktic
Globigerinoides sacculifer,28.7 ,0.38 ,-2.86 ,Mulitza et al. (2003),planktic
Globigerinoides sacculifer,28.7 ,0.38 ,-3.01 ,Mulitza et al. (2003),planktic
Globigerinoides sacculifer,28.7 ,0.38 ,-3.06 ,Mulitza et al. (2003),planktic
Globigerinoides sacculifer,28.6 ,0.32 ,-3.06 ,Mulitza et al. (2003),planktic
Globigerinoides sacculifer,28.6 ,0.32 ,-2.99 ,Mulitza et al. (2003),planktic
Globigerinoides sacculifer,28.6 ,0.32 ,-2.74 ,Mulitza et al. (2003),planktic
Globigerinoides sacculifer,28.8 ,0.39 ,-2.93 ,Mulitza et al. (2003),planktic
Globigerinoides sacculifer,28.8 ,0.39 ,-3.02 ,Mulitza et al. (2003),planktic
Globigerinoides sacculifer,28.8 ,0.39 ,-3.32 ,Mulitza et al. (2003),planktic
Globigerinoides sacculifer,28.8 ,0.39 ,-2.97 ,Mulitza et al. (2003),planktic
Globigerinoides sacculifer,28.3 ,0.48 ,-2.50 ,Mulitza et al. (2003),planktic
Globigerinoides sacculifer,28.3 ,0.48 ,-2.63 ,Mulitza et al. (2003),planktic
Globigerinoides sacculifer,28.4 ,0.51 ,-2.69 ,Mulitza et al. (2003),planktic
Globigerinoides sacculifer,28.4 ,0.51 ,-2.79 ,Mulitza et al. (2003),planktic
Globigerinoides sacculifer,28.8 ,0.54 ,-2.64 ,Mulitza et al. (2003),planktic
Globigerinoides sacculifer,28.8 ,0.54 ,-3.28 ,Mulitza et al. (2003),planktic
Globigerinoides sacculifer,28.8 ,0.54 ,-2.94 ,Mulitza et al. (2003),planktic
Globigerinoides sacculifer,29.0 ,0.66 ,-2.84 ,Mulitza et al. (2003),planktic
Globigerinoides sacculifer,27.7 ,0.26 ,-3.00 ,Mulitza et al. (2003),planktic
Globigerinoides sacculifer,27.6 ,0.10 ,-2.93 ,Mulitza et al. (2003),planktic
Globigerinoides sacculifer,27.6 ,0.10 ,-2.65 ,Mulitza et al. (2003),planktic
Globigerinoides sacculifer,27.3 ,0.30 ,-3.47 ,Mulitza et al. (2003),planktic
Globigerinoides sacculifer,27.7 ,0.25 ,-2.99 ,Mulitza et al. (2003),planktic
Globigerinoides sacculifer,27.7 ,0.25 ,-3.16 ,Mulitza et al. (2003),planktic
Globigerinoides sacculifer,28.3 ,0.10 ,-3.36 ,Mulitza et al. (2003),planktic
Globigerinoides sacculifer,29.5 ,0.30 ,-3.10 ,Mulitza et al. (2003),planktic
Globigerinoides sacculifer,28.9 ,0.35 ,-2.50 ,Mulitza et al. (2003),planktic
Globigerinoides sacculifer,28.9 ,0.35 ,-3.04 ,Mulitza et al. (2003),planktic
Globigerinoides sacculifer,28.9 ,0.35 ,-2.92 ,Mulitza et al. (2003),planktic
Globigerinoides sacculifer,30.6 ,0.57 ,-3.03 ,Mulitza et al. (2003),planktic
Globigerinoides sacculifer,31.1 ,0.70 ,-3.40 ,Mulitza et al. (2003),planktic
Globigerinoides sacculifer,29.8 ,0.77 ,-3.02 ,Mulitza et al. (2003),planktic
Globigerinoides sacculifer,26.5 ,0.62 ,-2.60 ,Mulitza et al. (2003),planktic
Globigerinoides sacculifer,28.0 ,0.62 ,-2.60 ,Mulitza et al. (2003),planktic
Globigerinoides sacculifer,21.0 ,0.81 ,-1.20 ,Mulitza et al. (2003),planktic
Globigerinoides sacculifer,16.2 ,0.83 ,-0.01 ,Mulitza et al. (2003),planktic
Neogloboquadrina pachyderma (s.),11.8,0.13,0.09,Mulitza et al. (2003),planktic
Neogloboquadrina pachyderma (s.),1.2,-0.17,2.58,Mulitza et al. (2003),planktic
Neogloboquadrina pachyderma (s.),5.2,-0.29,1.1,Mulitza et al. (2003),planktic
Neogloboquadrina pachyderma (s.),13.1,0.13,0.3,Mulitza et al. (2003),planktic
Neogloboquadrina pachyderma (s.),8.7,0.13,0.9,Mulitza et al. (2003),planktic
Neogloboquadrina pachyderma (s.),6.9,-0.09,1.45,Mulitza et al. (2003),planktic
Neogloboquadrina pachyderma (s.),7.3,-0.17,1.46,Mulitza et al. (2003),planktic
Neogloboquadrina pachyderma (s.),5.4,-0.17,1.69,Mulitza et al. (2003),planktic
Neogloboquadrina pachyderma (s.),-1.625,0.22,3.59,Mulitza et al. (2003),planktic
Neogloboquadrina pachyderma (s.),-0.845,0.25,3.4,Mulitza et al. (2003),planktic
Neogloboquadrina pachyderma (s.),0.734,0.25,3.6,Mulitza et al. (2003),planktic
Neogloboquadrina pachyderma (s.),1.411,0.25,3.44,Mulitza et al. (2003),planktic
Neogloboquadrina pachyderma (s.),0.607,0.3,3.39,Mulitza et al. (2003),planktic
Neogloboquadrina pachyderma (s.),-1.542,0.23,3.87,Mulitza et al. (2003),planktic
Neogloboquadrina pachyderma (s.),0.175,0.23,3.76,Mulitza et al. (2003),planktic
Neogloboquadrina pachyderma (s.),1.339,0.25,3.53,Mulitza et al. (2003),planktic
Neogloboquadrina pachyderma (s.),-1.643,0.26,3.83,Mulitza et al. (2003),planktic
Neogloboquadrina pachyderma (s.),0.012,0.25,3.88,Mulitza et al. (2003),planktic
Neogloboquadrina pachyderma (s.),1.239,0.28,3.55,Mulitza et al. (2003),planktic
Neogloboquadrina pachyderma (s.),1.42,0.31,3.2,Mulitza et al. (2003),planktic
Neogloboquadrina pachyderma (s.),1.395,0.3,3,Mulitza et al. (2003),planktic
Neogloboquadrina pachyderma (s.),-1.658,0.22,3.91,Mulitza et al. (2003),planktic
Neogloboquadrina pachyderma (s.),-0.172,0.25,3.67,Mulitza et al. (2003),planktic
Neogloboquadrina pachyderma (s.),1.196,0.28,3.49,Mulitza et al. (2003),planktic
Neogloboquadrina pachyderma (s.),1.442,0.29,3.44,Mulitza et al. (2003),planktic
Neogloboquadrina pachyderma (s.),-1.831,0.11,3.46,Mulitza et al. (2003),planktic
Neogloboquadrina pachyderma (s.),-1.555,0.11,3.76,Mulitza et al. (2003),planktic
Neogloboquadrina pachyderma (s.),0.963,0.21,3.84,Mulitza et al. (2003),planktic
Neogloboquadrina pachyderma (s.),1.629,0.25,3.64,Mulitza et al. (2003),planktic
Neogloboquadrina pachyderma (s.),1.503,0.28,3.64,Mulitza et al. (2003),planktic
Neogloboquadrina pachyderma (s.),-0.845,0.25,3.2,Mulitza et al. (2003),planktic
Neogloboquadrina pachyderma (s.),0.734,0.25,3.38,Mulitza et al. (2003),planktic
Neogloboquadrina pachyderma (s.),1.411,0.25,3.32,Mulitza et al. (2003),planktic
Neogloboquadrina pachyderma (s.),0.607,0.3,3.12,Mulitza et al. (2003),planktic
Neogloboquadrina pachyderma (s.),-1.542,0.23,3.73,Mulitza et al. (2003),planktic
Neogloboquadrina pachyderma (s.),0.175,0.23,3.63,Mulitza et al. (2003),planktic
Neogloboquadrina pachyderma (s.),1.339,0.25,3.55,Mulitza et al. (2003),planktic
Neogloboquadrina pachyderma (s.),1.536,0.26,3.09,Mulitza et al. (2003),planktic
Neogloboquadrina pachyderma (s.),1.368,0.31,2.73,Mulitza et al. (2003),planktic
Neogloboquadrina pachyderma (s.),-1.643,0.26,3.73,Mulitza et al. (2003),planktic
Neogloboquadrina pachyderma (s.),0.012,0.25,3.83,Mulitza et al. (2003),planktic
Neogloboquadrina pachyderma (s.),1.239,0.28,3.39,Mulitza et al. (2003),planktic
Neogloboquadrina pachyderma (s.),-1.658,0.22,3.26,Mulitza et al. (2003),planktic
Neogloboquadrina pachyderma (s.),-0.172,0.25,3.64,Mulitza et al. (2003),planktic
Neogloboquadrina pachyderma (s.),1.196,0.28,3.55,Mulitza et al. (2003),planktic
Neogloboquadrina pachyderma (s.),1.442,0.29,3.27,Mulitza et al. (2003),planktic
Neogloboquadrina pachyderma (s.),-1.831,0.11,3.49,Mulitza et al. (2003),planktic
Neogloboquadrina pachyderma (s.),-1.555,0.11,3.69,Mulitza et al. (2003),planktic
Neogloboquadrina pachyderma (s.),0.963,0.21,2.77,Mulitza et al. (2003),planktic
Globigerinoides ruber white,27.4 ,0.94 ,-2.18 ,Mulitza et al. (2003),planktic
Globigerinoides ruber white,27.4 ,0.94 ,-2.17 ,Mulitza et al. (2003),planktic
Globigerinoides ruber white,27.4 ,0.94 ,-2.19 ,Mulitza et al. (2003),planktic
Globigerinoides ruber white,27.3 ,0.88 ,-2.18 ,Mulitza et al. (2003),planktic
Globigerinoides ruber white,27.2 ,0.84 ,-2.10 ,Mulitza et al. (2003),planktic
Globigerinoides ruber white,27.2 ,0.85 ,-2.22 ,Mulitza et al. (2003),planktic
Globigerinoides ruber white,27.1 ,0.86 ,-2.21 ,Mulitza et al. (2003),planktic
Globigerinoides ruber white,26.9 ,0.85 ,-2.28 ,Mulitza et al. (2003),planktic
Globigerinoides ruber white,26.9 ,0.82 ,-2.10 ,Mulitza et al. (2003),planktic
Globigerinoides ruber white,27.0 ,0.92 ,-2.47 ,Mulitza et al. (2003),planktic
Globigerinoides ruber white,26.9 ,0.88 ,-2.19 ,Mulitza et al. (2003),planktic
Globigerinoides ruber white,27.1 ,0.96 ,-2.24 ,Mulitza et al. (2003),planktic
Globigerinoides ruber white,27.1 ,0.90 ,-2.30 ,Mulitza et al. (2003),planktic
Globigerinoides ruber white,26.5 ,0.97 ,-2.14 ,Mulitza et al. (2003),planktic
Globigerinoides ruber white,26.9 ,0.94 ,-2.21 ,Mulitza et al. (2003),planktic
Globigerinoides ruber white,25.8 ,1.07 ,-2.08 ,Mulitza et al. (2003),planktic
Globigerinoides ruber white,24.2 ,1.00 ,-1.73 ,Mulitza et al. (2003),planktic
Globigerinoides ruber white,24.0 ,1.18 ,-1.56 ,Mulitza et al. (2003),planktic
Globigerinoides ruber white,22.5 ,0.99 ,-1.24 ,Mulitza et al. (2003),planktic
Globigerinoides ruber white,22.1 ,0.99 ,-1.40 ,Mulitza et al. (2003),planktic
Globigerinoides ruber white,20.7 ,0.80 ,-1.14 ,Mulitza et al. (2003),planktic
Globigerinoides ruber white,20.0 ,0.62 ,-1.24 ,Mulitza et al. (2003),planktic
Globigerinoides ruber white,22.6 ,0.48 ,-1.78 ,Mulitza et al. (2003),planktic
Globigerinoides ruber white,22.6 ,0.48 ,-1.78 ,Mulitza et al. (2003),planktic
Globigerinoides ruber white,23.0 ,0.48 ,-1.76 ,Mulitza et al. (2003),planktic
Globigerinoides ruber white,24.2 ,0.60 ,-2.16 ,Mulitza et al. (2003),planktic
Globigerinoides ruber white,24.2 ,0.60 ,-2.01 ,Mulitza et al. (2003),planktic
Globigerinoides ruber white,25.6 ,0.33 ,-2.34 ,Mulitza et al. (2003),planktic
Globigerinoides ruber white,25.6 ,0.33 ,-2.47 ,Mulitza et al. (2003),planktic
Globigerinoides ruber white,26.6 ,0.33 ,-2.65 ,Mulitza et al. (2003),planktic
Globigerinoides ruber white,26.6 ,0.33 ,-2.64 ,Mulitza et al. (2003),planktic
Globigerinoides ruber white,26.6 ,0.33 ,-2.55 ,Mulitza et al. (2003),planktic
Globigerinoides ruber white,27.0 ,0.29 ,-2.83 ,Mulitza et al. (2003),planktic
Globigerinoides ruber white,27.5 ,0.45 ,-2.52 ,Mulitza et al. (2003),planktic
Globigerinoides ruber white,28.7 ,0.38 ,-3.04 ,Mulitza et al. (2003),planktic
Globigerinoides ruber white,28.6 ,0.32 ,-3.13 ,Mulitza et al. (2003),planktic
Globigerinoides ruber white,28.8 ,0.39 ,-3.07 ,Mulitza et al. (2003),planktic
Globigerinoides ruber white,28.8 ,0.39 ,-2.72 ,Mulitza et al. (2003),planktic
Globigerinoides ruber white,28.8 ,0.39 ,-3.45 ,Mulitza et al. (2003),planktic
Globigerinoides ruber white,28.8 ,0.39 ,-3.15 ,Mulitza et al. (2003),planktic
Globigerinoides ruber white,27.3 ,0.42 ,-2.76 ,Mulitza et al. (2003),planktic
Globigerinoides ruber white,27.3 ,0.42 ,-2.90 ,Mulitza et al. (2003),planktic
Globigerinoides ruber white,28.3 ,0.48 ,-2.88 ,Mulitza et al. (2003),planktic
Globigerinoides ruber white,28.3 ,0.48 ,-2.99 ,Mulitza et al. (2003),planktic
Globigerinoides ruber white,28.4 ,0.51 ,-3.05 ,Mulitza et al. (2003),planktic
Globigerinoides ruber white,28.4 ,0.51 ,-2.78 ,Mulitza et al. (2003),planktic
Globigerinoides ruber white,28.4 ,0.51 ,-2.84 ,Mulitza et al. (2003),planktic
Globigerinoides ruber white,28.8 ,0.54 ,-2.91 ,Mulitza et al. (2003),planktic
Globigerinoides ruber white,28.8 ,0.54 ,-2.72 ,Mulitza et al. (2003),planktic
Globigerinoides ruber white,29.0 ,0.66 ,-3.37 ,Mulitza et al. (2003),planktic
Globigerinoides ruber white,29.0 ,0.66 ,-2.78 ,Mulitza et al. (2003),planktic
Globigerinoides ruber white,29.0 ,0.66 ,-2.94 ,Mulitza et al. (2003),planktic
Globigerinoides ruber white,29.0 ,0.66 ,-3.12 ,Mulitza et al. (2003),planktic
Globigerinoides ruber white,29.0 ,0.77 ,-3.15 ,Mulitza et al. (2003),planktic
Globigerinoides ruber white,29.0 ,0.77 ,-2.82 ,Mulitza et al. (2003),planktic
Globigerinoides ruber white,27.7 ,0.26 ,-3.20 ,Mulitza et al. (2003),planktic
Globigerinoides ruber white,27.6 ,0.10 ,-3.05 ,Mulitza et al. (2003),planktic
Globigerinoides ruber white,27.6 ,0.10 ,-3.12 ,Mulitza et al. (2003),planktic
Globigerinoides ruber white,28.9 ,0.35 ,-3.08 ,Mulitza et al. (2003),planktic
Globigerinoides ruber white,28.9 ,0.35 ,-3.02 ,Mulitza et al. (2003),planktic
Globigerinoides ruber white,28.9 ,0.35 ,-2.96 ,Mulitza et al. (2003),planktic
Globigerinoides ruber white,29.4 ,0.43 ,-3.30 ,Mulitza et al. (2003),planktic
Globigerinoides ruber white,30.1 ,0.43 ,-2.94 ,Mulitza et al. (2003),planktic
Globigerinoides ruber white,30.3 ,0.45 ,-3.42 ,Mulitza et al. (2003),planktic
Globigerinoides ruber white,30.6 ,0.57 ,-3.14 ,Mulitza et al. (2003),planktic
Globigerinoides ruber white,31.1 ,0.70 ,-3.53 ,Mulitza et al. (2003),planktic
Globigerinoides ruber white,29.8 ,0.77 ,-3.36 ,Mulitza et al. (2003),planktic
Globigerinoides ruber white,29.8 ,0.77 ,-3.29 ,Mulitza et al. (2003),planktic
Globigerinoides ruber white,26.5 ,0.62 ,-2.77 ,Mulitza et al. (2003),planktic
Globigerinoides ruber white,26.5 ,0.62 ,-2.79 ,Mulitza et al. (2003),planktic
Globigerinoides ruber white,28.8 ,0.62 ,-2.71 ,Mulitza et al. (2003),planktic
Globigerinoides ruber white,28.8 ,0.62 ,-3.20 ,Mulitza et al. (2003),planktic
Globigerinoides ruber white,25.5 ,0.37 ,-2.18 ,Mulitza et al. (2003),planktic
Globigerinoides ruber white,25.5 ,0.37 ,-1.91 ,Mulitza et al. (2003),planktic
Globigerinoides ruber white,25.8 ,0.43 ,-2.30 ,Mulitza et al. (2003),planktic
Globigerinoides ruber white,25.5 ,0.41 ,-2.36 ,Mulitza et al. (2003),planktic
Globigerinoides ruber white,16.1 ,0.83 ,-0.04 ,Mulitza et al. (2003),planktic
Globigerinoides ruber white,16.2 ,0.83 ,-0.27 ,Mulitza et al. (2003),planktic
Globigerinoides ruber white,16.2 ,0.83 ,-0.15 ,Mulitza et al. (2003),planktic
Globigerinoides ruber white,21.0 ,0.81 ,-1.05 ,Mulitza et al. (2003),planktic
Globigerinoides ruber white,22.0 ,0.87 ,-1.31 ,Mulitza et al. (2003),planktic
Globigerinoides ruber white,19.0 ,0.85 ,-0.87 ,Mulitza et al. (2003),planktic
Globigerinoides ruber white,19.0 ,0.85 ,-0.60 ,Mulitza et al. (2003),planktic
Globigerinoides ruber white,20.0 ,0.85 ,-0.81 ,Mulitza et al. (2003),planktic
Globigerinoides ruber white,18.3 ,0.87 ,-0.59 ,Mulitza et al. (2003),planktic
Globigerinoides ruber white,19.1 ,0.88 ,-0.16 ,Mulitza et al. (2003),planktic
Globigerinoides ruber white,19.7 ,0.89 ,-0.57 ,Mulitza et al. (2003),planktic
Globigerinoides ruber white,18.4 ,0.89 ,-0.26 ,Mulitza et al. (2003),planktic
Globigerinoides ruber white,18.1 ,0.88 ,-0.13 ,Mulitza et al. (2003),planktic
Globigerinoides ruber white,18.0 ,0.87 ,-0.19 ,Mulitza et al. (2003),planktic
Globigerinoides ruber white,16.6 ,0.85 ,0.34 ,Mulitza et al. (2003),planktic
Globigerina bulloides,6.7,0.13,1.18,Mulitza et al. (2003),planktic
Globigerina bulloides,3.9,-0.17,1.79,Mulitza et al. (2003),planktic
Globigerina bulloides,1.7,-0.17,1.71,Mulitza et al. (2003),planktic
Globigerina bulloides,11.8,0.13,0.57,Mulitza et al. (2003),planktic
Globigerina bulloides,7.7,-0.16,0.73,Mulitza et al. (2003),planktic
Globigerina bulloides,10,-0.03,0.72,Mulitza et al. (2003),planktic
Globigerina bulloides,8.7,0.13,1.02,Mulitza et al. (2003),planktic
Globigerina bulloides,7.3,-0.17,1.48,Mulitza et al. (2003),planktic
Globigerina bulloides,16.8,0.41,-0.17,Mulitza et al. (2003),planktic
Globigerina bulloides,6.9,-0.09,1.59,Mulitza et al. (2003),planktic
Globigerina bulloides,13.1,0.13,0.4,Mulitza et al. (2003),planktic
Globigerina bulloides,16.5,0.41,0,Mulitza et al. (2003),planktic
Globigerina bulloides,19,0.29,-1.02,Mulitza et al. (2003),planktic
Globigerina bulloides,20.35,0.29,-1.29,Mulitza et al. (2003),planktic
Globigerina bulloides,20.35,0.29,-0.98,Mulitza et al. (2003),planktic
Globigerina bulloides,25.5,0.37,-2.39,Mulitza et al. (2003),planktic
Globigerina bulloides,25.5,0.37,-2.22,Mulitza et al. (2003),planktic
Globigerina bulloides,8.42,-0.76,0.26,Mulitza et al. (2003),planktic
Globigerina bulloides,8.42,-0.76,-0.03,Mulitza et al. (2003),planktic
Globigerina bulloides,8.42,-0.76,0.62,Mulitza et al. (2003),planktic
Globigerina bulloides,8.42,-0.76,0.46,Mulitza et al. (2003),planktic
Bulimina aculeata,7.0,-4.36,-2.08,McCorkle et al. (2008),benthic
Bulimina aculeata,7.0,-4.36,-2.34,McCorkle et al. (2008),benthic
Bulimina aculeata,7.0,-4.36,-2.33,McCorkle et al. (2008),benthic
Bulimina aculeata,7.0,-4.36,-2.24,McCorkle et al. (2008),benthic
Bulimina aculeata,7.0,-4.36,-2.34,McCorkle et al. (2008),benthic
Bulimina aculeata,7.0,-4.36,-2.33,McCorkle et al. (2008),benthic
Bulimina aculeata,7.0,-4.36,-2.32,McCorkle et al. (2008),benthic
Bulimina aculeata,7.0,-4.36,-1.85,McCorkle et al. (2008),benthic
Bulimina aculeata,7.0,-4.36,-2.20,McCorkle et al. (2008),benthic
Bulimina aculeata,7.0,-4.36,-2.17,McCorkle et al. (2008),benthic
Bulimina aculeata,7.0,-4.36,-2.34,McCorkle et al. (2008),benthic
Bulimina aculeata,7.0,-4.36,-2.35,McCorkle et al. (2008),benthic
Bulimina aculeata,7.0,-4.36,-2.46,McCorkle et al. (2008),benthic
Bulimina aculeata,7.0,-4.36,-2.48,McCorkle et al. (2008),benthic
Bulimina aculeata,7.0,-4.36,-2.31,McCorkle et al. (2008),benthic
Bulimina aculeata,7.0,-4.36,-2.44,McCorkle et al. (2008),benthic
Bulimina aculeata,7.0,-4.36,-2.41,McCorkle et al. (2008),benthic
Bulimina aculeata,7.0,-4.36,-2.43,McCorkle et al. (2008),benthic
Bulimina aculeata,7.0,-4.36,-2.42,McCorkle et al. (2008),benthic
Bulimina aculeata,7.0,-4.36,-2.43,McCorkle et al. (2008),benthic
Bulimina aculeata,7.0,-4.36,-2.41,McCorkle et al. (2008),benthic
Bulimina aculeata,7.0,-4.36,-2.40,McCorkle et al. (2008),benthic
Bulimina aculeata,7.0,-4.36,-2.35,McCorkle et al. (2008),benthic
Bulimina aculeata,7.0,-4.36,-2.41,McCorkle et al. (2008),benthic
Bulimina aculeata,7.0,-4.36,-2.45,McCorkle et al. (2008),benthic
Bulimina aculeata,7.0,-4.36,-2.43,McCorkle et al. (2008),benthic
Bulimina aculeata,7.0,-4.36,-2.40,McCorkle et al. (2008),benthic
Bulimina aculeata,7.0,-4.36,-2.26,McCorkle et al. (2008),benthic
Bulimina aculeata,7.0,-4.36,-2.44,McCorkle et al. (2008),benthic
Bulimina aculeata,7.0,-4.36,-2.41,McCorkle et al. (2008),benthic
Bulimina aculeata,7.0,-4.36,-2.52,McCorkle et al. (2008),benthic
Bulimina aculeata,7.0,-4.36,-2.48,McCorkle et al. (2008),benthic
Bulimina aculeata,7.0,-4.36,-2.43,McCorkle et al. (2008),benthic
Bulimina aculeata,7.0,-3.39,-1.27,McCorkle et al. (2008),benthic
Bulimina aculeata,7.0,-3.39,-1.12,McCorkle et al. (2008),benthic
Bulimina aculeata,7.0,-3.39,-1.22,McCorkle et al. (2008),benthic
Bulimina aculeata,7.0,-3.39,-1.23,McCorkle et al. (2008),benthic
Bulimina aculeata,7.0,-3.39,-1.21,McCorkle et al. (2008),benthic
Bulimina aculeata,7.0,-3.39,-1.21,McCorkle et al. (2008),benthic
Bulimina aculeata,7.0,-3.39,-1.37,McCorkle et al. (2008),benthic
Bulimina aculeata,7.0,-3.39,-1.38,McCorkle et al. (2008),benthic
Bulimina aculeata,7.0,-3.39,-1.37,McCorkle et al. (2008),benthic
Bulimina aculeata,7.0,-3.39,-1.35,McCorkle et al. (2008),benthic
Rosalina vilardeboana,7.0,-3.39,-1.61,McCorkle et al. (2008),benthic
Rosalina vilardeboana,7.0,-3.39,-1.70,McCorkle et al. (2008),benthic
Rosalina vilardeboana,7.0,-3.39,-1.70,McCorkle et al. (2008),benthic
Rosalina vilardeboana,7.0,-3.39,-1.61,McCorkle et al. (2008),benthic
Rosalina vilardeboana,7.0,-3.39,-1.58,McCorkle et al. (2008),benthic
Rosalina vilardeboana,7.0,-3.39,-1.74,McCorkle et al. (2008),benthic
Rosalina vilardeboana,7.0,-3.39,-1.66,McCorkle et al. (2008),benthic
Rosalina vilardeboana,7.0,-3.39,-1.65,McCorkle et al. (2008),benthic
Rosalina vilardeboana,7.0,-3.39,-1.61,McCorkle et al. (2008),benthic
Rosalina vilardeboana,7.0,-3.39,-1.76,McCorkle et al. (2008),benthic
Rosalina vilardeboana,7.0,-3.39,-1.81,McCorkle et al. (2008),benthic
Rosalina vilardeboana,7.0,-3.39,-1.65,McCorkle et al. (2008),benthic
Rosalina vilardeboana,7.0,-3.39,-1.91,McCorkle et al. (2008),benthic
Rosalina vilardeboana,7.0,-3.39,-1.69,McCorkle et al. (2008),benthic
Rosalina vilardeboana,7.0,-3.39,-1.63,McCorkle et al. (2008),benthic
Rosalina vilardeboana,7.0,-3.39,-1.60,McCorkle et al. (2008),benthic
Rosalina vilardeboana,7.0,-3.39,-1.51,McCorkle et al. (2008),benthic
Rosalina vilardeboana,7.0,-3.39,-1.43,McCorkle et al. (2008),benthic
Rosalina vilardeboana,7.0,-3.39,-1.50,McCorkle et al. (2008),benthic
Rosalina vilardeboana,7.0,-3.39,-1.54,McCorkle et al. (2008),benthic
Rosalina vilardeboana,7.0,-3.39,-1.77,McCorkle et al. (2008),benthic
Rosalina vilardeboana,7.0,-3.39,-1.95,McCorkle et al. (2008),benthic
Rosalina vilardeboana,7.0,-3.39,-1.64,McCorkle et al. (2008),benthic
Rosalina vilardeboana,7.0,-3.39,-1.74,McCorkle et al. (2008),benthic
Bulimina marginata,7.9,0.33,2.02,Barras et al. (2010),benthic
Bulimina marginata,7.9,0.33,1.95,Barras et al. (2010),benthic
Bulimina marginata,7.9,0.33,2.09,Barras et al. (2010),benthic
Bulimina marginata,7.9,0.33,2.12,Barras et al. (2010),benthic
Bulimina marginata,10.2,0.33,1.47,Barras et al. (2010),benthic
Bulimina marginata,10.2,0.33,1.50,Barras et al. (2010),benthic
Bulimina marginata,10.2,0.33,1.60,Barras et al. (2010),benthic
Bulimina marginata,10.2,0.33,1.69,Barras et al. (2010),benthic
Bulimina marginata,10.2,0.33,1.53,Barras et al. (2010),benthic
Bulimina marginata,12.7,0.33,0.97,Barras et al. (2010),benthic
Bulimina marginata,12.7,0.33,0.95,Barras et al. (2010),benthic
Bulimina marginata,12.7,0.33,1.00,Barras et al. (2010),benthic
Bulimina marginata,12.7,0.33,1.05,Barras et al. (2010),benthic
Bulimina marginata,14.7,0.33,0.46,Barras et al. (2010),benthic
Bulimina marginata,14.7,0.33,0.42,Barras et al. (2010),benthic
Bulimina marginata,14.7,0.33,0.60,Barras et al. (2010),benthic
Bulimina marginata,13.0,0.33,0.89,Barras et al. (2010),benthic
Bulimina marginata,13.0,0.33,1.08,Barras et al. (2010),benthic
Bulimina marginata,13.0,0.33,0.77,Barras et al. (2010),benthic
Bulimina marginata,13.0,0.33,0.93,Barras et al. (2010),benthic
Bulimina marginata,13.0,0.33,1.00,Barras et al. (2010),benthic
Bulimina marginata,13.0,0.33,1.07,Barras et al. (2010),benthic
Bulimina marginata,13.0,0.33,1.01,Barras et al. (2010),benthic
Bulimina marginata,13.0,0.33,1.07,Barras et al. (2010),benthic
Bulimina marginata,7.9,0.33,2.08,Barras et al. (2010),benthic
Bulimina marginata,7.9,0.33,1.91,Barras et al. (2010),benthic
Bulimina marginata,7.9,0.33,2.17,Barras et al. (2010),benthic
Bulimina marginata,10.1,0.33,1.31,Barras et al. (2010),benthic
Bulimina marginata,10.1,0.33,1.45,Barras et al. (2010),benthic
Bulimina marginata,10.1,0.33,1.39,Barras et al. (2010),benthic
Bulimina marginata,10.1,0.33,1.46,Barras et al. (2010),benthic
Bulimina marginata,10.1,0.33,1.52,Barras et al. (2010),benthic
Bulimina marginata,10.1,0.33,1.56,Barras et al. (2010),benthic
Bulimina marginata,10.1,0.33,1.44,Barras et al. (2010),benthic
Bulimina marginata,10.1,0.33,1.44,Barras et al. (2010),benthic
Bulimina marginata,10.1,0.33,1.54,Barras et al. (2010),benthic
Bulimina marginata,10.1,0.33,1.60,Barras et al. (2010),benthic
Bulimina marginata,10.1,0.33,1.57,Barras et al. (2010),benthic
Bulimina marginata,10.1,0.33,1.63,Barras et al. (2010),benthic
Bulimina marginata,10.1,0.33,1.61,Barras et al. (2010),benthic
Bulimina marginata,10.1,0.33,1.66,Barras et al. (2010),benthic
Bulimina marginata,10.1,0.33,1.56,Barras et al. (2010),benthic
Bulimina marginata,12.7,0.33,0.79,Barras et al. (2010),benthic
Bulimina marginata,12.7,0.33,0.82,Barras et al. (2010),benthic
Bulimina marginata,12.7,0.33,0.84,Barras et al. (2010),benthic
Bulimina marginata,12.7,0.33,0.98,Barras et al. (2010),benthic
Bulimina marginata,12.7,0.33,1.01,Barras et al. (2010),benthic
Bulimina marginata,12.7,0.33,1.12,Barras et al. (2010),benthic
Bulimina marginata,12.7,0.33,1.13,Barras et al. (2010),benthic
Bulimina marginata,12.7,0.33,1.17,Barras et al. (2010),benthic
Bulimina marginata,14.7,0.33,0.49,Barras et al. (2010),benthic
Bulimina marginata,14.7,0.33,0.61,Barras et al. (2010),benthic
Bulimina marginata,14.7,0.33,0.62,Barras et al. (2010),benthic
Bulimina marginata,14.7,0.33,0.63,Barras et al. (2010),benthic
Bulimina marginata,14.7,0.33,0.60,Barras et al. (2010),benthic
Bulimina marginata,14.7,0.33,0.79,Barras et al. (2010),benthic
Bulimina marginata,14.7,0.33,0.47,Barras et al. (2010),benthic
Bulimina marginata,14.7,0.33,0.73,Barras et al. (2010),benthic
Bulimina marginata,14.7,0.33,0.75,Barras et al. (2010),benthic
Bulimina marginata,4.1,0.33,2.77,Barras et al. (2010),benthic
Bulimina marginata,6.0,0.33,2.31,Barras et al. (2010),benthic
Bulimina marginata,6.0,0.33,2.07,Barras et al. (2010),benthic
Bulimina marginata,6.0,0.33,2.21,Barras et al. (2010),benthic
Bulimina marginata,9.3,0.33,1.85,Barras et al. (2010),benthic
Bulimina marginata,9.3,0.33,1.66,Barras et al. (2010),benthic
Bulimina marginata,9.3,0.33,1.78,Barras et al. (2010),benthic
Bulimina marginata,9.3,0.33,1.65,Barras et al. (2010),benthic
Bulimina marginata,9.3,0.33,1.57,Barras et al. (2010),benthic
Bulimina marginata,9.3,0.33,1.71,Barras et al. (2010),benthic
Bulimina marginata,9.3,0.33,1.72,Barras et al. (2010),benthic
Bulimina marginata,9.3,0.33,1.78,Barras et al. (2010),benthic
Bulimina marginata,9.3,0.33,1.73,Barras et al. (2010),benthic
Bulimina marginata,11.6,0.33,1.21,Barras et al. (2010),benthic
Bulimina marginata,11.6,0.33,1.06,Barras et al. (2010),benthic
Bulimina marginata,11.6,0.33,1.06,Barras et al. (2010),benthic
Bulimina marginata,11.6,0.33,1.13,Barras et al. (2010),benthic
Bulimina marginata,11.6,0.33,1.05,Barras et al. (2010),benthic
Bulimina marginata,11.6,0.33,1.06,Barras et al. (2010),benthic
Bulimina marginata,11.6,0.33,1.07,Barras et al. (2010),benthic
Bulimina marginata,11.6,0.33,1.27,Barras et al. (2010),benthic
Bulimina marginata,11.6,0.33,1.08,Barras et al. (2010),benthic
Bulimina marginata,17.2,0.33,-0.07,Barras et al. (2010),benthic
Bulimina marginata,19.3,0.33,-0.44,Barras et al. (2010),benthic
Globigerina bulloides,16,-0.19,-0.61,Spero & Lea (1996),planktic
Globigerina bulloides,16,-0.19,-0.83,Spero & Lea (1996),planktic
Globigerina bulloides,16,-0.19,-0.50,Spero & Lea (1996),planktic
Globigerina bulloides,16,-0.19,-0.63,Spero & Lea (1996),planktic
Globigerina bulloides,16,-0.19,-0.57,Spero & Lea (1996),planktic
Globigerina bulloides,16,-0.19,-0.68,Spero & Lea (1996),planktic
Globigerina bulloides,16,-0.19,-0.68,Spero & Lea (1996),planktic
Globigerina bulloides,16,-0.19,-0.51,Spero & Lea (1996),planktic
Globigerina bulloides,16,-0.19,-0.53,Spero & Lea (1996),planktic
Orbulina universa,29,1.13,-1.65,Spero & Lea (1993),planktic
Orbulina universa,29,1.13,-1.73,Spero & Lea (1993),planktic
Orbulina universa,29,1.13,-1.63,Spero & Lea (1993),planktic
Orbulina universa,29,1.13,-1.42,Spero & Lea (1993),planktic
Orbulina universa,29,1.13,-1.38,Spero & Lea (1993),planktic
Orbulina universa,29,1.13,-1.45,Spero & Lea (1993),planktic
Orbulina universa,25,0.0,-2.08,Bemis et al. (1998) fig 1a,planktic
Orbulina universa,25,0.0,-1.8,Bemis et al. (1998) fig 1a,planktic
Orbulina universa,24,0.0,-1.90,Bemis et al. (1998) fig 1a,planktic
Orbulina universa,24,0.0,-1.62,Bemis et al. (1998) fig 1a,planktic
Orbulina universa,22,0.0,-1.50,Bemis et al. (1998) fig 1a,planktic
Orbulina universa,22,0.0,-1.05,Bemis et al. (1998) fig 1a,planktic
Orbulina universa,19,0.0,-0.82,Bemis et al. (1998) fig 1a,planktic
Orbulina universa,19,0.0,-0.52,Bemis et al. (1998) fig 1a,planktic
Orbulina universa,18,0.0,-0.59,Bemis et al. (1998) fig 1a,planktic
Orbulina universa,18,0.0,-0.32,Bemis et al. (1998) fig 1a,planktic
Orbulina universa,17,0.0,-0.47,Bemis et al. (1998) fig 1a,planktic
Orbulina universa,17,0.0,-0.15,Bemis et al. (1998) fig 1a,planktic
Orbulina universa,15,0.0,-0.25,Bemis et al. (1998) fig 1a,planktic
Orbulina universa,15,0.0,0.25,Bemis et al. (1998) fig 1a,planktic
Globigerina bulloides,15,0.0,-0.48,Bemis et al. (1998) fig 1c,planktic
Globigerina bulloides,15,0.0,-0.39,Bemis et al. (1998) fig 1c,planktic
Globigerina bulloides,15,0.0,-0.29,Bemis et al. (1998) fig 1c,planktic
Globigerina bulloides,16,0.0,-0.68,Bemis et al. (1998) fig 1c,planktic
Globigerina bulloides,17,0.0,-0.9,Bemis et al. (1998) fig 1c,planktic
Globigerina bulloides,17,0.0,-0.83,Bemis et al. (1998) fig 1c,planktic
Globigerina bulloides,17,0.0,-0.80,Bemis et al. (1998) fig 1c,planktic
Globigerina bulloides,19,0.0,-1.25,Bemis et al. (1998) fig 1c,planktic
Globigerina bulloides,19,0.0,-1.17,Bemis et al. (1998) fig 1c,planktic
Globigerina bulloides,19,0.0,-1.10,Bemis et al. (1998) fig 1c,planktic
Globigerina bulloides,22,0.0,-1.92,Bemis et al. (1998) fig 1c,planktic
Globigerina bulloides,22,0.0,-1.78,Bemis et al. (1998) fig 1c,planktic
Globigerina bulloides,22,0.0,-1.72,Bemis et al. (1998) fig 1c,planktic
Globigerina bulloides,22,0.0,-1.66,Bemis et al. (1998) fig 1c,planktic
Globigerina bulloides,24,0.0,-2.30,Bemis et al. (1998) fig 1c,planktic
Globigerina bulloides,24,0.0,-2.28,Bemis et al. (1998) fig 1c,planktic
Globigerina bulloides,24,0.0,-2.25,Bemis et al. (1998) fig 1c,planktic